{
	"credit": "Made with Blockbench",
	"loader": "framework:open_model",
	"texture_size": [64, 64],
	"textures": {
		"mad_minute": "scguns_bb:item/mad_minute"
	},
	"components": [
		{
			"from": [7.075, 2.75, 4.125],
			"to": [8.925, 3.25, 7.325],
			"rotation": {"angle": 0, "axis": "y", "origin": [7.93106, 10.65, 10.5]},
			"faces": {
				"north": {"uv": [10, 7.75, 10.5, 7.875], "texture": "#mad_minute"},
				"east": {"uv": [9.5, 4.25, 10.25, 4.375], "texture": "#mad_minute"},
				"south": {"uv": [8, 10, 8.5, 10.125], "texture": "#mad_minute"},
				"west": {"uv": [9.5, 4.5, 10.25, 4.625], "texture": "#mad_minute"},
				"up": {"uv": [7.25, 7, 6.75, 6.25], "texture": "#mad_minute"},
				"down": {"uv": [7.5, 3.25, 7, 4], "texture": "#mad_minute"}
			}
		},
		{
			"from": [7.25, 2.35, 4.2],
			"to": [8.75, 2.85, 7.2],
			"rotation": {"angle": 0, "axis": "y", "origin": [7.98106, 10.65, 10.5]},
			"faces": {
				"north": {"uv": [1.75, 10.75, 2.125, 10.875], "texture": "#mad_minute"},
				"east": {"uv": [4.75, 9.5, 5.5, 9.625], "texture": "#mad_minute"},
				"south": {"uv": [10.75, 2, 11.125, 2.125], "texture": "#mad_minute"},
				"west": {"uv": [9.5, 4.75, 10.25, 4.875], "texture": "#mad_minute"},
				"up": {"uv": [7.375, 4.75, 7, 4], "texture": "#mad_minute"},
				"down": {"uv": [7.125, 7, 6.75, 7.75], "texture": "#mad_minute"}
			}
		}
	],
	"display": {
		"thirdperson_righthand": {
			"translation": [0, 4.5, -5.25]
		},
		"thirdperson_lefthand": {
			"translation": [0, 6.25, -6.75],
			"scale": [1.3, 1.3, 1.3]
		},
		"firstperson_righthand": {
			"translation": [-5.25, 9.25, 0]
		},
		"firstperson_lefthand": {
			"translation": [-5.25, 9.25, 0]
		},
		"ground": {
			"translation": [0, 9.5, -3.75],
			"scale": [1.3, 1.3, 1.3]
		},
		"gui": {
			"rotation": [74.02, -53.34, 70.48],
			"translation": [-2, 3.5, 0],
			"scale": [0.9, 0.9, 0.9]
		},
		"fixed": {
			"rotation": [90, 55, -90],
			"translation": [4, 6, 0],
			"scale": [1.5, 1.5, 1.5]
		}
	},
	"groups": [
		"3b73abfd-3c57-b65b-dc35-a7f8a2ee9eea",
		"90058332-fedb-5321-66a4-3d054fd490c6",
		"e471f328-81b3-187d-b291-e4d526eae1d9",
		"332d0618-8ada-265a-4382-d10a8a7abacb",
		"139edd50-9e27-f297-2739-54763bd00f92",
		"0f4d958c-d26f-0202-ad5f-c31d2bcc800e",
		"fb4a2c8e-d9d2-69fd-2b85-6f663cf7db6c",
		"0917e2cd-fa66-8a42-b86e-feac0b29e800",
		"56c1cc4f-0d88-c5e6-8ca8-55efda00fc42",
		"5afa231e-1812-4ac4-b1cd-42354530b6ef",
		"8fcf87af-9f03-00fc-04f1-2114f0d08ba3",
		"9d852049-a266-7a19-942e-53d3d5a749cb",
		"b9e17e17-8d2b-2f39-a770-476477e921a5",
		"a73292bd-9ef6-8b70-65c4-653217220a71",
		"644f6013-e1d5-ae67-99c7-540f79cc36d9",
		"3df75023-64a6-28cb-4fe0-8d8bdf9a270c",
		"4227b1c5-f533-81f6-50b6-58b57a3213fc",
		"e3546351-6072-3a82-fce4-49f83964e06f",
		"7f0cb8a5-3ec3-2b7e-db74-0612daa63121",
		"20143c8a-12b2-10d3-4611-5e541c92b893",
		"bb1f5622-aefe-6968-e68b-5882e1da9b10",
		"af97a913-b2b8-b0f8-e8f6-600ab96f3cd8",
		"0e4be5ea-f1ee-76d3-6399-9be2861537b5",
		"e44d9677-c46a-0a4e-9563-cb7100754de5",
		"ab7afdd0-071b-bcdb-2e05-d4c552ec2b18",
		"cd0262c3-0b9c-0580-abee-51a051c5ed37",
		"1a6e6f11-6a49-acae-ad88-a01e7f75a581",
		"b7a61d40-87ed-2656-58b8-978e6c2fd32c",
		"1a431411-7113-0915-5fc9-17e85d2841d2",
		"9d83afb7-89b6-4cbc-ebc9-659bb6c90a36",
		"0884f48e-1cd4-04c7-8286-55ba2e894f6d",
		"1fcd12bb-670d-cac3-979d-8e0c0c099117",
		"a916756d-1ba3-13b9-34ab-3618d08f7000",
		"8e8be0ad-840d-ab13-6262-36637570af58",
		"198cd206-27a6-52c9-501c-ce5a4851ae47",
		"be2eaf16-74fc-bf23-94a6-e832cde22dd9",
		"71cf9863-81da-0ed1-805b-a6a737f116e3",
		"328ab20e-5aa1-d3da-742f-a363879a5ca6",
		"eee913ba-5ccc-d7b8-b040-9441c8d8c224",
		{
			"uuid": "93873569-3945-a014-7e3f-339fc8f9f0ec",
			"isOpen": true,
			"children": ["c1c4041e-e156-e183-a386-d789be1725ea", "bcaea6b8-10b0-0738-02c7-a2027a2121a6"]
		},
		{
			"uuid": "51ffc107-cb6e-2eba-776a-6535af7a3337",
			"isOpen": true,
			"children": [
				"1082621b-a0c8-98fd-95a1-7605a2f52997",
				"c0044fd3-9b95-4358-6067-aa55b87fca2b",
				"896e9bb9-5845-1c7a-e149-8e4f3bb41cd9",
				"8cef3aa4-089b-0b92-f069-d3abeac69404"
			]
		},
		{
			"uuid": "e54ec440-67bf-a006-5415-e4705f781a03",
			"isOpen": true,
			"children": [
				"2c805c7c-d92b-051e-b10b-73e2c36e210a",
				"8db856cd-c2c1-b973-c995-a8730f2693b6",
				"2f6eadff-1d35-7d73-3a78-be86dc57c3b0",
				"c81bcd68-8ff8-4a3e-7334-93fc9273f85a",
				"e6f45b1d-7980-7e37-935b-42f42f9f13c8",
				"69e5ca13-210a-4e23-8b31-d7aa91ff2cae",
				"9a006de4-00ca-f0ef-c63b-f2118a298c2e"
			]
		},
		{
			"uuid": "06705f73-de1d-8c0a-f389-8e34167327a8",
			"isOpen": true,
			"children": [
				"74fbc333-610a-4067-0eae-ff525c8c7392",
				"c310e3bc-79bb-9c3d-ca91-836c5fa31403",
				"f9819d15-6e0d-0114-ee8e-daba0a7b598e",
				"c6aeb28b-8139-4e84-009e-26402da3adc6"
			]
		},
		{
			"uuid": "a1bae7d7-ea4c-1f6c-e61e-2118b72402b0",
			"isOpen": true,
			"children": [
				"eafd1e51-e2bd-65f6-2366-137f8c4227eb",
				"e42f191a-f22f-e4b1-72f5-2291420efd41",
				"afae9bba-7201-6cc2-d1fd-054bf938cb78",
				"a1b72a6d-321e-0a3e-90cf-844f4e615df3"
			]
		},
		{
			"uuid": "873b33fb-2eb9-2927-05fd-27c65561f447",
			"isOpen": true,
			"children": [
				"f018e2f9-8c0d-0aea-369c-56e5c3b635ea",
				"7ad1d741-3be0-a86c-6072-c7ac1306ab48",
				"d41fc093-a5a7-607f-9cc9-c3352755c755",
				"c6c253d8-a1d4-15b8-8c01-075b5a9c0b5a",
				"68884295-a85f-9c73-a4c0-abfa8f9e96c5",
				"3939db73-970f-ea49-5c53-aa6f701ba170",
				"abe1bba5-3863-54ae-4f28-a1d77abb40ce"
			]
		},
		{
			"uuid": "9b934281-d151-1ec4-92ff-ecaf609a5c5f",
			"isOpen": true,
			"children": [
				"92427e1a-0420-a19a-497e-cb9b4a9921f0",
				"edd0979e-aee2-2640-139d-ce296b5192ce",
				"b46531ef-6ebd-dfed-60cc-59f5d78a98e4",
				"fad35e1a-9684-9aa6-2feb-0003b1dc41b0"
			]
		},
		{
			"uuid": "b244d360-8f88-df14-f9d4-f9a82c50cc81",
			"isOpen": true,
			"children": [
				"81bf48d1-9733-7832-ba7c-3bede0329fad",
				"a2ad5b61-834c-8138-955f-edcda2147fbc",
				"919ce401-dc23-26cb-0995-c9ba6784a41b",
				"33f8fc8f-0767-c73f-31aa-02a722abb8c9",
				"ff668860-1694-4038-7414-b057d35d0db6",
				"28d0cff7-d1e1-7c78-10c9-722557db4455",
				"fc5c93e9-c7c5-d375-9cda-92ff06d6452c",
				"5c0c65ae-ccf4-d67d-0640-542b82637d27"
			]
		},
		{
			"uuid": "a111c303-d70e-c83c-09cb-93b87cf8cd2c",
			"isOpen": true,
			"children": [
				"bce3eab6-2369-8833-b41c-0eaecdbd2d1c",
				"b59f7f80-9cc7-fa05-e547-6e24d42b6f96",
				"58e69df6-cce2-ab63-10c0-951d91c29429",
				"d8167011-2f05-b55f-7cd4-095c17a62076",
				"9c5413b6-7702-3f1c-dc14-62f4e76e601d",
				"0a247e1a-36c2-0008-60c2-f18932b50ec2",
				"0c3c7569-314c-9da2-bc8b-bc72c4a0534a",
				"3464513c-6179-0e06-b5b6-3e175af2bbb5",
				"2d7a8660-f0bd-a19e-0f51-1c01d5ca7caa",
				"c0dfe2a5-5fbc-03e3-858e-71c8b4e97951",
				"862e1c1b-33ef-6362-f532-06bb5297fd63"
			]
		},
		{
			"uuid": "060e2fd2-2f63-a517-52ca-e6b1a99d1d59",
			"isOpen": true,
			"children": [
				"905a0bf4-bd2e-6421-b6ab-66776f035a23",
				"86906663-1982-7ff9-6071-ff277e639b36",
				"d0b29586-5902-de7b-27fd-aca33fc41acd",
				"fe1fa788-c141-f614-589c-83f43e3d6ae7"
			]
		},
		{
			"uuid": "bb2e8a67-2eaa-d95b-38a8-22bc9e3f801b",
			"isOpen": true,
			"children": ["f13e88b7-b446-5df0-512b-40fcf075e407", "10ea9ebd-c55e-400e-66a9-efe95027c47b"]
		},
		{
			"uuid": "70b85555-3fb6-9c26-fbcc-059bcb8498a9",
			"isOpen": true,
			"children": [
				"1fd19ce4-6b2f-ad35-1a5a-0f085f8ea458",
				"75c09466-970d-a927-9a6d-0c1618b31f1f",
				"6961e214-ff7c-ddf4-84ee-73ccf5bf5521",
				"534d5bbb-0871-216d-6523-4924d135783d",
				"84cb0e43-3894-ecbb-8f6c-7be15c4af08f",
				"f911995a-8ca2-a164-12b1-293cf17eb070",
				"ddcb6dd4-ea52-648c-148b-e6a763e58518",
				"0721397a-e248-23f3-1014-260bbaf38f48",
				"3e06e8af-c307-137d-d8fc-660aac7f6dca",
				"82118e34-2f21-788a-697c-bb4dc7f48724"
			]
		},
		{
			"uuid": "8a2aadc0-dfc7-fa29-ee36-c471496cebf2",
			"isOpen": true,